exi
t
;
exi t;
exit;
create datebase camp
create database camp;
create datebase camp create database camp;
create datebase camp;
create database camp;
show databases;
drop database camp;
show databases;
exit;
create database Nowall;
show databases;
use Nowall;
show tables;
create table members
;
create table members (id int, name varchar(32));
show tables;
desc members
;
insert into members (id,name) values (1, 'kashiwagi');
insert into members (id,name) values (2, 'hidaka');
insert into members (id,name) values (3, 'oohira');
select * from members;
drop table members;
show tables;
create table members (
id it,
;
create table members ( id it,;
create table members (
id int,
name varchar(32),
password char(4),
);
create table members ( id int, name varchar(32), password char(4), );
show tables;
desk members;
create table members (
id int,
name varchar(32),
password char(4)
);
create table members ( id int, name varchar(32), password char(4) );
nsert into members (id, name, password) values (2, 'user2', '2222');
select * from members;
create table members (
id int,
name varchar(32),
password char(4)
);
create table members ( id int, name varchar(32), password char(4) );
show tables;
insert into members (id) values (1);
show tables;
exit;
create datebase camp;
create database camp;
show databases;
use Nowall
show tables;
create table members (id int, name varchar(32));
show tables;
desc members;
insert into members (id, name) values (1, 'kashiwagi');
insert into members (id, name) values (2, 'hidaka');
insert into members (id, name) values (3, 'ohira');
select * from members;
drop table members;
create table members(
id int,
name varchar(32),
password char(4)
);
create table members( id int, name varchar(32), password char(4) );
insert into members (id) values (1);
insert into members (id, neme, password) values (2, 'user2', '2222');
select * from members;
select id from members;
drop table members;
show databases;
use Nowall;
create table sales (
 id int primary key auto_increment,
 name varchar(32),
 sale int,
 created_at datetime
 );
create table sales (  id int primary key auto_increment,  name varchar(32),  sale int,  created_at datetime  );
insert into sales (name, sale, created_at) values
  ('hokkaido', 150, '2015-01-01 12:00:00' ),
  ('tohoku',   200, '2015-02-01 12:00:00' ),
  ('kanto',    500, '2015-03-01 12:00:00' ),
  ('chubu',    300, '2015-04-01 12:00:00' ),
  ('kinki',    400, '2015-05-01 12:00:00' ),
  ('chugoku',  180, '2015-06-01 12:00:00' ),
  ('shikoku',  140, '2015-07-01 12:00:00' ),
  ('kyushu',   120, '2015-08-01 12:00:00' );
insert into sales (name, sale, created_at) values   ('hokkaido', 150, '2015-01-01 12:00:00' ),   ('tohoku',   200, '2015-02-01 12:00:00' ),   ('kanto',    500, '2015-03-01 12:00:00' ),   ('chubu',    300, '2015-04-01 12:00:00' ),   ('kinki',    400, '2015-05-01 12:00:00' ),   ('chugoku',  180, '2015-06-01 12:00:00' ),   ('shikoku',  140, '2015-07-01 12:00:00' ),   ('kyushu',   120, '2015-08-01 12:00:00' );
desk sales;
desc sales;
select * from sales;
select * from sales limit 4;
select * from sales;
select * from sales where sale > 150;
select * from sales where sale >= 150;
select name, sale from sales;
select name, sale from sales where sale > 150;
select name, sale from sales where sale > 150 limit 3;
mysql> select * from sales where sale >= 150;
+----+----------+------+---------------------+
| id | name     | sale | created_at          |
+----+----------+------+---------------------+
|  1 | hokkaido |  150 | 2015-01-01 12:00:00 |
|  2 | tohoku   |  200 | 2015-02-01 12:00:00 |
|  3 | kanto    |  500 | 2015-03-01 12:00:00 |
|  4 | chubu    |  300 | 2015-04-01 12:00:00 |
|  5 | kinki    |  400 | 2015-05-01 12:00:00 |
|  6 | chugoku  |  180 | 2015-06-01 12:00:00 |
+----+----------+------+---------------------+
6 rows in set (0.00 sec)
mysql> select name, sale from sales;
+----+----------+------+---------------------+ | id | name     | sale | created_at          | +----+----------+------+---------------------+ |  1 | hokkaido |  150 | 2015-01-01 12:00:00 | |  2 | tohoku   |  200 | 2015-02-01 12:00:00 | |  3 | kanto    |  500 | 2015-03-01 12:00:00 | |  4 | chubu    |  300 | 2015-04-01 12:00:00 | |  5 | kinki    |  400 | 2015-05-01 12:00:00 | |  6 | chugoku  |  180 | 2015-06-01 12:00:00 | +----+----------+------+---------------------+ 6 rows in set (0.00 sec)  mysql> select name, sale from sales;
+----------+------+
| name     | sale |
+----------+------+
| hokkaido |  150 
;
+----------+------+ | name     | sale | +----------+------+ | hokkaido |  150;
show tables;
mysql> select * from sales where name = 'kanto';
select * from members;
create table sales (
 id int primary key auto_increment,
 name varchar(32),
 sale int,
 created_at datetime
 );
create table sales (  id int primary key auto_increment,  name varchar(32),  sale int,  created_at datetime  );
create table sales (
 id int primary key auto_increment,
 name varchar(32),
 sale int,
 created_at datetime
 );
create table sales (  id int primary key auto_increment,  name varchar(32),  sale int,  created_at datetime  );
select * from sales where sale like '2%';
select * from sales where sale like '15%';
select * from sales where name = like 'k%';
select * from sales where name like 'k%';
select * from sales;
select * from sales where sale > 150;
select * from sales where sale > 150 and sale < 400;
select * from sales where sale > 150 and name like 'k%';
select * from sales where sale < 200 or sale >= 400;
select * from sales order by sale asc;
select * from sales order by sale desc;
select * from sales order by sale desk limit 2;
select * from sales order by sale desc limit 2;
select * from sales order by sale desc limit 2 offset 3;
select count(*) from sales;
select count(sale) from sales;
select count(id) from sales;
select count(*) from sales where name like 'k%';
select * from sales;
update sales set name = 'tokyo' where id = 3;
select * from sales;
delete from sales;
select * from sales
;
insert into sales (name, sale, created_at) values
  ('hokkaido', 150, '2015-01-01 12:00:00' ),
  ('tohoku',   200, '2015-02-01 12:00:00' ),
  ('kanto',    500, '2015-03-01 12:00:00' ),
  ('chubu',    300, '2015-04-01 12:00:00' ),
  ('kinki',    400, '2015-05-01 12:00:00' ),
  ('chugoku',  180, '2015-06-01 12:00:00' ),
  ('shikoku',  140, '2015-07-01 12:00:00' ),
  ('kyushu',   120, '2015-08-01 12:00:00' );
insert into sales (name, sale, created_at) values   ('hokkaido', 150, '2015-01-01 12:00:00' ),   ('tohoku',   200, '2015-02-01 12:00:00' ),   ('kanto',    500, '2015-03-01 12:00:00' ),   ('chubu',    300, '2015-04-01 12:00:00' ),   ('kinki',    400, '2015-05-01 12:00:00' ),   ('chugoku',  180, '2015-06-01 12:00:00' ),   ('shikoku',  140, '2015-07-01 12:00:00' ),   ('kyushu',   120, '2015-08-01 12:00:00' );
select * from sales;
delete from sales where id = 12;
select * from sales;
delete from sales where sale < 200;
select * from sales;
delete from sales where id = 18;
delete from sales where id = 19;
delete from sales where id = 20;
delete from sales where id = 21;
drop database camp;
create database bank_accounts;
show databases;
use bank_accounts;
show tables;
create table members (id int,name varchar(32));
show tables;
desk members;
desc members;
create table members (
id int,
number char(7),
name varchar(32),
type int,
balanse char(7),
update_at datetime
);
create table members ( id int, number char(7), name varchar(32), type int, balanse char(7), update_at datetime );
show tables;
desc members;
create table accounts(
id int,
number char(7),
;
create table accounts( id int, number char(7),;
create table accounts(
id int primary key auto_increment,
number char(7) not null,
name varchar(50) not null,
type char(1) not null,
balance int not null,
updated_at datetime
);
create table accounts( id int primary key auto_increment, number char(7) not null, name varchar(50) not null, type char(1) not null, balance int not null, updated_at datetime );
select * from accounts;
insert into accounts (id, number, name, type, balance, updated_at) values (1, 0391834, 'カシワギショウタ', 1, 1000000, 2013-10-01 00:00:00);
insert into accounts (id, number, name, type, balance, updated_at) values (1, 0391834, 'カシワギショウタ', 1, 1000000, '2013-10-01 00:00:00');
insert into accounts (id, number, name, type, balance, updated_at) values (2, 0649183, 'ヒダカアユミ', 1, 500000, '2014-11-01 00:00:00');
insert into accounts (id, number, name, type, balance, updated_at) values (3, 0119245, 'オオヒラミチスケ', 1, 25000, '2015-12-01 00:00:00');
select * from accounts;
select * from accounts where number;
select number from accounts;
select number and balance from;
select number and balance from accounts;
select number from accounts,select balance from accounts;
select number from accounts,;
select number from accounts,
UNION
select balance from accounts,
;
select number from accounts, UNION select balance from accounts,;
select * from accounts where number and balance;
select * from accounts \G;
select number from accounts;
select number , balance from accounts;
select * from accounts;
update accounts set balance = 99999, updated_at = '2015-01-01 00:00:00';
select * from accounts;
select * from accounts where number = '0649183';
select * from accounts where number < '0400000'
;
show databases
;
grant all on Nowall.* to testuser@localhost indentified by ='9999';
grant all on nowall.* to testuser@localhost identified by '9999';
exit;
show databases;
use test;
create table members (
id int primary key auto_insrement,
name varchar(32),
email varchar(100),
password varchar(32)
);
create table members ( id int primary key auto_insrement, name varchar(32), email varchar(100), password varchar(32) );
create table members (
id int primary key auto_increment,
ame varchar(32),
    -> email varchar(100),
    -> password varchar(32)
);
create table members ( id int primary key auto_increment, ame varchar(32),     -> email varchar(100),     -> password varchar(32) );
create table members (
id int primary key auto_increment,
name varchar(32),
email varchar(100),
password varchar(32)
);
create table members ( id int primary key auto_increment, name varchar(32), email varchar(100), password varchar(32) );
insert into members (name, email, password) values
  ('kashiwagi', 'kashiwagi@example.com', '1111'),
  ('hidaka', 'hidaka@example.com', '2222');
insert into members (name, email, password) values   ('kashiwagi', 'kashiwagi@example.com', '1111'),   ('hidaka', 'hidaka@example.com', '2222');
select * from members;
select * from members where email like 'o%';
select * from members;
exit;
create database task_app;
grant all on task_/
;
grant all on task_app.* to testuser@localhost identified by '9999';
exit;
create database camp;
show databases;
drop database camp;
exit;
create database nowall;
show databases;
create table members (id int, name varchar(32));
use nowall;
show tables;
create table members (id int, name varchar(32));
show tables;
desc members
;
insert into members (id, name) value (1, 'kashiwagi');
insert into members (id, name) values (2, 'hidaka');
insert into members (id,name) values (3, 'ohira');
select * from members;
drop table
;
drop table members;
create table members(
id int,
name varchar(32),
password char(4),
);
create table members( id int, name varchar(32), password char(4), );
create table members (
id int,
name varchar(32),
password char(4)
);
create table members ( id int, name varchar(32), password char(4) );
insert into members (id) value (1);
insert into members (id, name, password) values (2, 'user2', '2222');
select * form members;
select * from members;
select id from members;
exit;
create database projects_pra;
create table products;
show databases;
use projects_pra;
create table projects;
create table projects (id int(11), name varchar(32), price int(11));
show tables;
select * from projects;
desc projects;
insert into projects (id, name, price) values(1, 'りんご' 10);
insert into projects (id, name, price) values (1, 'りんご' 10);
insert into projects (id, name, price) values (1, 'りんご', 10 );
insert into projects (id, name, price) values (2, 'いちご', 10 );
insert into projects (id, name, price) values (3, 'みかん', 20 );
update projects set price = 15 where id = 2;
select * from projects;
drop table members;
drop table projects;
drop database project_pra;
drop database projects_pra;
create databases projects_pra;
create database projects_pra;
show databases;
use projects_pra;
create tabke projects (id int, name varchar(32), price int);
create table projects (id int, name varchar(32), price int);
desc projects;
insert into projects (id, name, price) values 
(1, 'りんご', 10),
(2, 'いちご', 15),
(3, 'みかん', 20);
insert into projects (id, name, price) values  (1, 'りんご', 10), (2, 'いちご', 15), (3, 'みかん', 20);
select * from projects;
drop table projects;
drop database projects_pra;
show tables;
show databases;
create table members;
use nowall;
show tables;
drop table members;
create table members (
id int primary key,
name varchar(32),
password char(4)
);
create table members ( id int primary key, name varchar(32), password char(4) );
insert into members (id, name) values (1, 'kashiwagi');
insert into
;
insert into members (id, name) values (1, 'hidaka');
insert into members (id) values (NULL);
drop table members;
create table members (
id int primary key auto_increment,
name varchar(32)
);
create table members ( id int primary key auto_increment, name varchar(32) );
desc members;
insert into members (name) values 
('kashiwagi
;
');
insert into members (name) values  ('kashiwagi
;
');
insert into members (name) values 
('kashiwagi'),
('hidaka'),
('yamada');
insert into members (name) values  ('kashiwagi'), ('hidaka'), ('yamada');
select * from members;
drop table members;
create table members (
id int primary key auto_increment,
name varchar(32),
length_of_years into default 0,
password char(4)
);
create table members ( id int primary key auto_increment, name varchar(32), length_of_years into default 0, password char(4) );
create table members (
id int primary key auto_increment,
name varchar(32),
length_of_years int default 0,
password char(4)
);
create table members ( id int primary key auto_increment, name varchar(32), length_of_years int default 0, password char(4) );
desc members;
insert into members (name, password) values ('kashiwagi', '1111');
select * from members;
cleate table sales (
id int primary key auto_increment,
name varchar(32),
sale int,
created_at datetime
);
cleate table sales ( id int primary key auto_increment, name varchar(32), sale int, created_at datetime );
create table sales (
id int primary key auto_increment,
name varchar(32),
created_at datetime
);
create table sales ( id int primary key auto_increment, name varchar(32), created_at datetime );
insert into sales (name, sale, created_at) values
('hokkaido', 150, '2015-01-01 12:00:00' ),
  ('tohoku',   200, '2015-02-01 12:00:00' ),
  ('kanto',    500, '2015-03-01 12:00:00' ),
  ('chubu',    300, '2015-04-01 12:00:00' ),
  ('kinki',    400, '2015-05-01 12:00:00' ),
  ('chugoku',  180, '2015-06-01 12:00:00' ),
  ('shikoku',  140, '2015-07-01 12:00:00' ),
  ('kyushu',   120, '2015-08-01 12:00:00' );
insert into sales (name, sale, created_at) values ('hokkaido', 150, '2015-01-01 12:00:00' ),   ('tohoku',   200, '2015-02-01 12:00:00' ),   ('kanto',    500, '2015-03-01 12:00:00' ),   ('chubu',    300, '2015-04-01 12:00:00' ),   ('kinki',    400, '2015-05-01 12:00:00' ),   ('chugoku',  180, '2015-06-01 12:00:00' ),   ('shikoku',  140, '2015-07-01 12:00:00' ),   ('kyushu',   120, '2015-08-01 12:00:00' );
drop table sales;
create table sale(
id int primary key auto_increment,
name varchar(32),
sale int,
created_at datetime
);
create table sale( id int primary key auto_increment, name varchar(32), sale int, created_at datetime );
insert into sales (name, sale, created_at) values
  ('hokkaido', 150, '2015-01-01 12:00:00' ),
  ('tohoku',   200, '2015-02-01 12:00:00' ),
  ('kanto',    500, '2015-03-01 12:00:00' ),
  ('chubu',    300, '2015-04-01 12:00:00' ),
  ('kinki',    400, '2015-05-01 12:00:00' ),
  ('chugoku',  180, '2015-06-01 12:00:00' ),
  ('shikoku',  140, '2015-07-01 12:00:00' ),
  ('kyushu',   120, '2015-08-01 12:00:00' );
insert into sales (name, sale, created_at) values   ('hokkaido', 150, '2015-01-01 12:00:00' ),   ('tohoku',   200, '2015-02-01 12:00:00' ),   ('kanto',    500, '2015-03-01 12:00:00' ),   ('chubu',    300, '2015-04-01 12:00:00' ),   ('kinki',    400, '2015-05-01 12:00:00' ),   ('chugoku',  180, '2015-06-01 12:00:00' ),   ('shikoku',  140, '2015-07-01 12:00:00' ),   ('kyushu',   120, '2015-08-01 12:00:00' );
drop table sale;
create table sales (name,
;
create table sales;
create table sales(
id int primary key auto_increment,
name varchar(32),
sale int,
created_at datetime
);
create table sales( id int primary key auto_increment, name varchar(32), sale int, created_at datetime );
insert into sales (name, sale,
created_at) values
  ('hokkaido', 150, '2015-01-01 12:00:00' ),
  ('tohoku',   200, '2015-02-01 12:00:00' ),
  ('kanto',    500, '2015-03-01 12:00:00' ),
  ('chubu',    300, '2015-04-01 12:00:00' ),
  ('kinki',    400, '2015-05-01 12:00:00' ),
  ('chugoku',  180, '2015-06-01 12:00:00' ),
  ('shikoku',  140, '2015-07-01 12:00:00' ),
  ('kyushu',   120, '2015-08-01 12:00:00' );
insert into sales (name, sale, created_at) values   ('hokkaido', 150, '2015-01-01 12:00:00' ),   ('tohoku',   200, '2015-02-01 12:00:00' ),   ('kanto',    500, '2015-03-01 12:00:00' ),   ('chubu',    300, '2015-04-01 12:00:00' ),   ('kinki',    400, '2015-05-01 12:00:00' ),   ('chugoku',  180, '2015-06-01 12:00:00' ),   ('shikoku',  140, '2015-07-01 12:00:00' ),   ('kyushu',   120, '2015-08-01 12:00:00' );
desc sales;
select * from sales;
select * from sales limit 4;
select * from sales where sale > 150;
select name, sale from sales where sale > 200;
select * from sales where sale >150 limit 3;
select * from sales where name = 'kanto
';
select * from sales where name = 'kanto
';
select * from sales where name = 'kanto';
select * from sales where id = 3;
select * from sales where sale like '2%';
select * from sales where sale like '15%';
select * from sales where name like 'k%';
select * from sales where sale >= 200 and sale < 400;
select * from sales where sale < 200 or sale >= 400;
select * from sales order by sale asc;
select * from sales order by sale desc;
select * from sales order by sale desc limit 2 offset 3;
select * from sales order by sale desc limit 2 offset 4;
select count(sale) from sales;
select count(*) from sales;
update sales set name = 'tokyo' where id = 3;
update sales set name = 'HOKKAIDO' where id 17;
desc sales
;
select * from sales;
delete from sales;
insert into sales (name,
sale,created_at) values
  ('hokkaido', 150, '2015-01-01 12:00:00' ),
  ('tohoku',   200, '2015-02-01 12:00:00' ),
  ('kanto',    500, '2015-03-01 12:00:00' ),
  ('chubu',    300, '2015-04-01 12:00:00' ),
  ('kinki',    400, '2015-05-01 12:00:00' ),
  ('chugoku',  180, '2015-06-01 12:00:00' ),
  ('shikoku',  140, '2015-07-01 12:00:00' ),
  ('kyushu',   120, '2015-08-01 12:00:00' );
insert into sales (name, sale,created_at) values   ('hokkaido', 150, '2015-01-01 12:00:00' ),   ('tohoku',   200, '2015-02-01 12:00:00' ),   ('kanto',    500, '2015-03-01 12:00:00' ),   ('chubu',    300, '2015-04-01 12:00:00' ),   ('kinki',    400, '2015-05-01 12:00:00' ),   ('chugoku',  180, '2015-06-01 12:00:00' ),   ('shikoku',  140, '2015-07-01 12:00:00' ),   ('kyushu',   120, '2015-08-01 12:00:00' );
select * from sales;
delete from sales where id = 12;
select * from sales;
delete from sales where sale < 200;
salect * from sales;
select * from sales;
alter table sales rename as sale;
show tables
;
alter table sale rename as sales;
show tables;
alter table sales change name names varchar(32);
select * sales;
select * from sales;
alter table sales change names name varchar(32);
alter table sales add phon int;
select * from sales;
insert into sales (name ) values ('kobayashi');
select * from sales;
update sales set sale 900 where id = 17;
update sales set sale = 900 where id = 17;
select * from sales;
delete from sales where sale = 900;
select * from sales;
drop table;
drop datatbase nowoll;
drop table sales;
show database;
show tables;
create table bank_accounts (
id int primary key auto_increment,
;
create table bank_accounts ( id int primary key auto_increment,;
create table bank_accounts (
id int primary key auto_increment,
number char(7) not null,
name varchar(50) not null,
type char(1) not null,
balance int notnull,
updated_at datetime
);
create table bank_accounts ( id int primary key auto_increment, number char(7) not null, name varchar(50) not null, type char(1) not null, balance int notnull, updated_at datetime );
create table bank_accounts (
    -> id int primary key auto_increment,
    -> number char(7) not null,
    -> name varchar(50) not null,
    -> type char(1) not null,;
create table bank_accounts (     -> id int primary key auto_increment,     -> number char(7) not null,     -> name varchar(50) not null,     -> type char(1) not null,;
create table bank_accounts (
id int primary key auto_inprement,
number char(7) not null ,
name varchar(50) not null,
type char(1) not null,
balance int not null,
updated_at datetime
);
create table bank_accounts ( id int primary key auto_inprement, number char(7) not null , name varchar(50) not null, type char(1) not null, balance int not null, updated_at datetime );
create table bank_accounts (
id int primary key auto_increment,
number char(7) not null ,
name varchar(50) not null,
type char(1) not null,
balance int not null,
updated_at datetime
);
create table bank_accounts ( id int primary key auto_increment, number char(7) not null , name varchar(50) not null, type char(1) not null, balance int not null, updated_at datetime );
insert into bunk_accounts (number, name, type, balance, updated_at ) values (
0391834, 'カシワギショウタ', 1, 1000000, 2013-10-01 00:00:00),
(0649183, 'ヒダカアユミ', 1, 500000, 2014-11-01 00:00:00),
(0119245, 'オオヒラミチスケ', 1, 25000, 2015-12-01 00:00:00);
insert into bunk_accounts (number, name, type, balance, updated_at ) values ( 0391834, 'カシワギショウタ', 1, 1000000, 2013-10-01 00:00:00), (0649183, 'ヒダカアユミ', 1, 500000, 2014-11-01 00:00:00), (0119245, 'オオヒラミチスケ', 1, 25000, 2015-12-01 00:00:00);
insert into bunk_accounts (number, name, type, balance, updated_at ) values 
(0391834, 'カシワギショウタ', 1, 1000000, 2013-10-01 00:00:00),
(0649183, 'ヒダカアユミ', 1, 500000, 2014-11-01 00:00:00),
(0119245, 'オオヒラミチスケ', 1, 25000, 2015-12-01 00:00:00);
insert into bunk_accounts (number, name, type, balance, updated_at ) values  (0391834, 'カシワギショウタ', 1, 1000000, 2013-10-01 00:00:00), (0649183, 'ヒダカアユミ', 1, 500000, 2014-11-01 00:00:00), (0119245, 'オオヒラミチスケ', 1, 25000, 2015-12-01 00:00:00);
insert into bunk_accounts (number, name, type, balance, updated_at ) values 
(0391834, 'カシワギショウタ', 1, 1000000, '2013-10-01 00:00:00'),
(0649183, 'ヒダカアユミ', 1, 500000, '2014-11-01 00:00:00'),
(0119245, 'オオヒラミチスケ', 1, 25000, '2015-12-01 00:00:00');
insert into bunk_accounts (number, name, type, balance, updated_at ) values  (0391834, 'カシワギショウタ', 1, 1000000, '2013-10-01 00:00:00'), (0649183, 'ヒダカアユミ', 1, 500000, '2014-11-01 00:00:00'), (0119245, 'オオヒラミチスケ', 1, 25000, '2015-12-01 00:00:00');
insert into bank_accounts (number, name, type, balance, updated_at ) values 
(0391834, 'カシワギショウタ', 1, 1000000, '2013-10-01 00:00:00'),
(0649183, 'ヒダカアユミ', 1, 500000, '2014-11-01 00:00:00'),
(0119245, 'オオヒラミチスケ', 1, 25000, '2015-12-01 00:00:00');
insert into bank_accounts (number, name, type, balance, updated_at ) values  (0391834, 'カシワギショウタ', 1, 1000000, '2013-10-01 00:00:00'), (0649183, 'ヒダカアユミ', 1, 500000, '2014-11-01 00:00:00'), (0119245, 'オオヒラミチスケ', 1, 25000, '2015-12-01 00:00:00');
select * from bank_accounts;
update bank_accounts set number = '0391834' where id = 1;
select * from bank_accounts;
update bank_accounts set number = '0649183' where id = 2;
update bank_accounts set number = '0119245' where id = 3;
select * from bank_accounts;
select * from bank_accounts where number = 0649183;
select * from bank_accounts where balance > 0;
select * from bank_accounts where number < '0400000';
select * from bank_accounts where updated_at < '2015-06;
';
select * from bank_accounts where updated_at < '2015-06;
';
select * from bank_accounts where name = '%ショウ%';
select * from bank_accounts where name like '%ショウ%';
select * from bank_accounts order by number asc;
select * from bank_accounts order by balance desc;
create database camp;
show databases;
drop database camp;
show databases;
create database items;
create table item 
(id int primary key auto_increment),
(code char(5)),
(name varchar(32)),
(price int ),
(type int(1));
create table item  (id int primary key auto_increment), (code char(5)), (name varchar(32)), (price int ), (type int(1));
create table items
(id int primary key auto_increment),
(code char(5) not null),
(name varchar(50) not null),
(price int not null),
(type char(1) not null);
create table items (id int primary key auto_increment), (code char(5) not null), (name varchar(50) not null), (price int not null), (type char(1) not null);
create table items (
id int primary key auto_increment,
code char(5) not null,
name varchar(50) not null,
price int not null,
type char(1) not null
);
create table items ( id int primary key auto_increment, code char(5) not null, name varchar(50) not null, price int not null, type char(1) not null );
select * form items;
select * from items;
show table items;
show items
;
desc items
;
show tables;
show databases;
insert into items (code, name, price, type) values 
('S0425', '春の
;
'+
;
insert into items (code, name, price, type) values  ('S0425', '春の

;
'+;
insert into items (code, name, price, type) values
('S0425', '春のさわやかコート', 20000, 1),
('A0301', 'おしゃれな時計', 5000, 3),
('M0219', '冬のあったかブーツ', 15000, 2),
;
insert into items (code, name, price, type) values ('S0425', '春のさわやかコート', 20000, 1), ('A0301', 'おしゃれな時計', 5000, 3), ('M0219', '冬のあったかブーツ', 15000, 2),;
insert into items (code, name, price, type) values
('S0425', '春のさわやかコート', 20000, 1),
('A0301', 'おしゃれな時計', 5000, 3),
('M0219', '冬のあったかブーツ', 15000, 2);
insert into items (code, name, price, type) values ('S0425', '春のさわやかコート', 20000, 1), ('A0301', 'おしゃれな時計', 5000, 3), ('M0219', '冬のあったかブーツ', 15000, 2);
select * from items;
select name from items;
select code from items;
select * from items where code = 'S0425';
update items set price = 2500 where code = 'A0301';
select * from items;
order items by price <= 15000;
select * from items order by price <= 15000;
select * from items where price <= 15000;
select * from items where price >= 20000;
delete from items where code like '%M%';
select * from items;
select code, name, price from items where name like '%コート%';
show databases;
grant all on nowall. * to testuser@localhost identified by '9999';
use nowall;
create table members(
id int primary key auto_increment,
name varchar(32),
email varchar(100),
password varchar(32)
);
create table members( id int primary key auto_increment, name varchar(32), email varchar(100), password varchar(32) );
create table members2(
id int primary key auto_increment,
name varchar(32),
email varchar(100),
password varchar(32)
);
create table members2( id int primary key auto_increment, name varchar(32), email varchar(100), password varchar(32) );
insert into members (name, email, password) values
('kashiwagi', 'kashiwagi@example.com', '1111'),
('hidaka', 'hidaka@example.com', '2222');
insert into members (name, email, password) values ('kashiwagi', 'kashiwagi@example.com', '1111'), ('hidaka', 'hidaka@example.com', '2222');
insert into members2 (name, email, password) values
('kashiwagi', 'kashiwagi@example.com', '1111'),
('hidaka', 'hidaka@example.com', '2222');
insert into members2 (name, email, password) values ('kashiwagi', 'kashiwagi@example.com', '1111'), ('hidaka', 'hidaka@example.com', '2222');
select * from members2;
show tables;
select * from members2;
create table posts;
show databases;
use nowall;
show tables;
create table posts(
id int primary key auto_increment,
title varchar(255),
body text,
created_at datetime,
updateat
;
create table posts( id int primary key auto_increment, title varchar(255), body text, created_at datetime, updateat;
create table posts(
id int primary key auto_increment,
title varchar(255),
body text,
created_at datetime,
updated_at datetime
);
create table posts( id int primary key auto_increment, title varchar(255), body text, created_at datetime, updated_at datetime );
select * from posts;
show table posts;
desc posts;
show tables;
use posts
select * from posts;
grant all on nowall.* to testuser@localhost identified by '9999';
use nowall;
use posts;
use table posts;
desc posts;
grant all on nowall.* to testuser@localhost identified by '9999';
drop 
;
exit;
